2,test,test
10,MSTG,MSTG
11,MSJB,MSJB
12,MNDP,MNDP
13,MIBR,MIBR
14,MSAD,MSAD
15,MSAG,MSAG
16,MSCL,MSCL
17,MLB,MLB
18,MSA,MSA
19,MS,MS
20,MBOM,MBOM
21,MVE,MVE
22,ME,ME
23,MMCA,MMCA
24,MCB,MCB
25,MDB,MDB
26,MBBR,MBBR
27,MEL,MEL
28,MCH,MCH
29,MGE,MGE
30,MAB,MAB
31,MRB,MRB
32,MFF,MFF
33,MGI,MGI
34,MSOG,MSOG
35,MHH,MHH
36,MSTP,MSTP
37,MSSM,MSSM
38,MLDB,MLDB
39,MKL,MKL
40,MCCB,MCCB
41,MPM,MPM
42,MLR,MLR
43,MLLC,MLLC
44,MMA,MMA
45,MMNN,MMNN
46,MSRN,MSRN
47,MBB,MBB
48,MLPJ,MLPJ
49,MDP,MDP
50,MDPBR,MDPBR
51,MDPBI,MDPBI
52,MDPBO,MDPBO
53,MDA,MDA
54,MDPER,MDPER
55,MDPFO,MDPFO
56,MDPGP,MDPGP
57,MDPGL,MDPGL
58,MDPGV,MDPGV
59,MDPHA,MDPHA
60,MDPLA,MDPLA
61,MDPMC,MDPMC
62,MDPMI,MDPMI
63,MDPOR,MDPOR
64,MDPRO,MDPRO
65,MDPSL,MDPSL
66,MDPSI,MDPSI
67,MDPWP,MDPWP
68,MP,MP
69,MPLP,MPLP
71,MRIP,MRIP
72,MRA,MRA
73,MRP,MRP
74,MRO,MRO
75,MBA,MBA
76,MRD,MRD
77,MBI,MBI
78,MSTR,MSTR
79,MSEL,MSEL
80,MSL,MSL
81,MWOWH,MWOWH
82,MAOW,MAOW
83,MMOW,MMOW
84,MWOW,MWOW
85,MSTOS,MSTOS
86,MTSIR,MTSIR
87,MESM,MESM
88,MESMN,MESMN
89,MESP,MESP
90,MSTE,MSTE
91,MTP,MTP
92,MTH,MTH
93,MMVR,MMVR
94,MBW,MBW
95,MCNC,MCNC
96,MGW,MGW
97,MNW,MNW
98,MMR,MMR
99,MW,MW
100,MWP,MWP
101,MWPL,MWPL
102,MHP,MHP
103,MEPL,MEPL
104,MBAC,MBAC
105,MWRR,MWRR
106,MWTS,MWTS
107,MDPST,MDPST
108,MSERC,MSERC
109,MWMRC,MWMRC
110,MBBB,MBBB
111,MSSC,MSSC
112,ASGY,ASGY
113,MWSC,MWSC
114,MWEMM,MWEMM
115,OKE,OKE
116,CPL,CPL
117,MWHBCA,MWHBCA
118,MWJ,MWJ
119,MTPL,MTPL
120,MHW,MHW
121,TWAS,TWAS
122,MPFN,MPFN
124,MDPSLA,MDPSLA
125,MNCN,MNCN
127,Caitlyn,Caitlyn
128,Margo,Margo
129,admin,admin
130,UNC,UNC
131,MTPK,MTPK
134,MDS,MDS
135,MMIOW,MMIOW
136,MVBB,MVBB
137,TEST,TEST
139,Spruce,Spruce
140,PLS1,PLS1
141,PLS2,PLS2
142,PLS3,PLS3
143,PLS4,PLS4
144,PLS5,PLS5
145,PLS6,PLS6
146,MTK,MTK
147,MNH,MNH
148,MEC,MEC
